league,season,match_id,date,home,away,attendance,source_url,checked_at,attempts
LKL,2026-27,11475,2026-04-11,Neptūnas,Nevėžis-Paskolų klubas,1480,https://lkl.lt/rungtynes/11475,2026-10-09T15:05:37+00:00,1
LKL,2026-27,11476,2026-04-12,Šiauliai,Rytas,2919,https://lkl.lt/rungtynes/11476,2026-10-09T15:05:38+00:00,1
LKL,2026-27,11477,2026-04-12,Gargždai,Lietkabelis,1190,https://lkl.lt/rungtynes/11477,2026-10-09T15:05:38+00:00,1
LKL,2026-27,11478,2026-04-18,Jonavos Hipocredit,Nevėžis-Paskolų klubas,665,https://lkl.lt/rungtynes/11478,2026-10-09T15:05:39+00:00,1
LKL,2026-27,11479,2026-04-18,Juventus,Gargždai,843,https://lkl.lt/rungtynes/11479,2026-10-09T15:05:40+00:00,1
LKL,2026-27,11480,2026-04-19,Rytas,Žalgiris,8179,https://lkl.lt/rungtynes/11480,2026-10-09T15:05:40+00:00,1
LKL,2026-27,11481,2026-04-19,Neptūnas,Šiauliai,1779,https://lkl.lt/rungtynes/11481,2026-10-09T15:05:41+00:00,1
LKL,2026-27,11482,2026-04-21,Lietkabelis,Juventus,1335,https://lkl.lt/rungtynes/11482,2026-10-09T15:05:41+00:00,1
LKL,2026-27,11483,2026-04-14,Jonavos Hipocredit,Žalgiris,1632,https://lkl.lt/rungtynes/11483,2026-10-09T15:05:42+00:00,1
LKL,2026-27,11484,2026-04-15,Gargždai,Šiauliai,823,https://lkl.lt/rungtynes/11484,2026-10-09T15:05:43+00:00,1
LKL,2026-27,11485,2026-04-23,Nevėžis-Paskolų klubas,Neptūnas,1129,https://lkl.lt/rungtynes/11485,2026-10-09T15:05:43+00:00,1
LKL,2026-27,11486,2026-04-25,Rytas,Juventus,1757,https://lkl.lt/rungtynes/11486,2026-10-09T15:05:44+00:00,1
LKL,2026-27,11487,2026-04-25,Šiauliai,Žalgiris,4228,https://lkl.lt/rungtynes/11487,2026-10-09T15:05:44+00:00,1
LKL,2026-27,11488,2026-04-26,Nevėžis-Paskolų klubas,Gargždai,1009,https://lkl.lt/rungtynes/11488,2026-10-09T15:05:45+00:00,1
LKL,2026-27,11489,2026-04-26,Lietkabelis,Neptūnas,1522,https://lkl.lt/rungtynes/11489,2026-10-09T15:05:46+00:00,1
LKL,2026-27,11490,2026-04-27,Rytas,Šiauliai,2298,https://lkl.lt/rungtynes/11490,2026-10-09T15:05:46+00:00,1
LKL,2026-27,11491,2026-05-15,Žalgiris,Juventus,2536,https://lkl.lt/rungtynes/11491,2026-10-09T15:05:47+00:00,1
LKL,2026-27,11492,2026-05-10,Neptūnas,Gargždai,1686,https://lkl.lt/rungtynes/11492,2026-10-09T15:05:47+00:00,1
LKL,2026-27,11493,2026-04-29,Jonavos Hipocredit,Lietkabelis,599,https://lkl.lt/rungtynes/11493,2026-10-09T15:05:48+00:00,1
LKL,2026-27,11494,2026-05-02,Juventus,Neptūnas,893,https://lkl.lt/rungtynes/11494,2026-10-09T15:05:49+00:00,1
LKL,2026-27,11495,2026-05-02,Gargždai,Jonavos Hipocredit,954,https://lkl.lt/rungtynes/11495,2026-10-09T15:05:49+00:00,1
LKL,2026-27,11496,2026-05-03,Lietkabelis,Rytas,1778,https://lkl.lt/rungtynes/11496,2026-10-09T15:05:50+00:00,1
LKL,2026-27,11497,2026-05-03,Šiauliai,Nevėžis-Paskolų klubas,1314,https://lkl.lt/rungtynes/11497,2026-10-09T15:05:50+00:00,1
LKL,2026-27,11498,2026-05-06,Juventus,Šiauliai,944,https://lkl.lt/rungtynes/11498,2026-10-09T15:05:51+00:00,1
LKL,2026-27,11499,2026-04-22,Žalgiris,Gargždai,1917,https://lkl.lt/rungtynes/11499,2026-10-09T15:05:52+00:00,1
