league,season,club,home_games_counted,average,total,max,min
ACB,2026-27,Valencia Basket,1,13111,13111,13111,13111
ACB,2026-27,Unicaja,1,9936,9936,9936,9936
ACB,2026-27,Recoletas Salud San Pablo Burgos,1,8963,8963,8963,8963
ACB,2026-27,Real Madrid,1,8123,8123,8123,8123
ACB,2026-27,Surne Bilbao,1,8097,8097,8097,8097
ACB,2026-27,Kosner Baskonia,1,8073,8073,8073,8073
ACB,2026-27,Casademont Zaragoza,1,7364,7364,7364,7364
ACB,2026-27,Ucam Murcia,1,7211,7211,7211,7211
ACB,2026-27,Leyma Coruna,1,6472,6472,6472,6472
ACB,2026-27,Monbus Obradoiro,1,5976,5976,5976,5976
ACB,2026-27,Ilerna Lleida,1,5565,5565,5565,5565
ACB,2026-27,Rio Breogan,1,5280,5280,5280,5280
ACB,2026-27,Fiatc Girona,1,4367,4367,4367,4367
ACB,2026-27,Kidsandus Manresa,1,4210,4210,4210,4210
ACB,2026-27,La Laguna Tenerife,1,4103,4103,4103,4103
ACB,2026-27,Morabanc Andorra,1,3848,3848,3848,3848
ACB,2026-27,Barca,1,3388,3388,3388,3388
ACB,2026-27,Asisa Joventut,0,,0,,
